,,,Overall,,,,,,,Time on Ice,,,,Goals,,,,,Assists,,,,,Points,,,,,,per 60 All Situations,,,per 60 Even-Strength,,,per 60 Power-Play,,,per Game,,,Shots,,Defensive,,Faceoffs,,
Rk,Name,Born,Pos,GP,G,A,P,PIM,+/-,TOI,ES,PP,SH,ESG,PPG,SHG,GWG,OTG,ESA,PPA,SHA,GWA,OTA,ESP,PPP,SHP,GWP,OTP,PPP%,G/60,A/60,P/60,ESG/60,ESA/60,ESP/60,PPG/60,PPA/60,PPP/60,G/GP,A/GP,P/GP,SHOTS,SH%,HITS,BS,FOW,FOL,FO%
1,Alexander Ovechkin,1985,F,1197,730,590,1320,731,75,20:52,15:58,4:44,0:09,457,269,4,116,24,359,230,1,83,13,816,499,5,199,37,37.8%,1.752,1.416,3.169,1.434,1.126,2.56,2.843,2.431,5.275,0.61,0.493,1.103,5727,12.8%,3128,475,56,108,34.15%
2,Patrick Marleau,1979,F,1779,566,631,1197,527,-27,17:48,13:49,3:07,0:50,377,172,17,109,11,384,243,4,108,10,761,415,21,217,21,34.7%,1.072,1.195,2.268,0.92,0.937,1.857,1.854,2.619,4.473,0.318,0.355,0.673,4333,13.1%,1157,406,6836,7584,47.41%
3,Sidney Crosby,1987,F,1039,486,839,1325,699,183,20:49,15:58,4:22,0:28,337,145,4,69,18,497,335,7,144,18,834,480,11,213,36,36.2%,1.348,2.326,3.674,1.218,1.797,3.015,1.914,4.423,6.337,0.468,0.808,1.275,3331,14.6%,892,502,11820,10867,52.10%
4,Eric Staal,1984,F,1293,441,593,1034,828,-77,19:23,15:02,3:31,0:49,289,133,19,71,5,401,184,8,94,12,690,317,27,165,17,30.7%,1.055,1.419,2.474,0.891,1.237,2.128,1.75,2.421,4.172,0.341,0.459,0.8,3935,11.2%,897,484,9720,10431,48.24%
5,Steven Stamkos,1990,F,841,439,427,866,515,48,19:19,15:03,3:42,0:33,269,165,5,62,8,277,147,3,70,13,546,312,8,132,21,36.0%,1.621,1.576,3.197,1.275,1.313,2.587,3.174,2.827,6.001,0.522,0.508,1.03,2589,17.0%,910,358,5002,5062,49.70%
6,Joe Thornton,1979,F,1679,425,1104,1529,1262,192,18:53,14:43,3:32,0:37,276,143,6,67,9,696,402,6,183,22,972,545,12,250,31,35.6%,0.804,2.089,2.893,0.67,1.69,2.36,1.445,4.062,5.507,0.253,0.658,0.911,3039,14.0%,766,396,13329,12032,52.56%
7,Evgeni Malkin,1986,F,940,424,680,1104,984,69,19:54,15:14,4:24,0:16,267,153,4,73,12,414,265,1,118,19,681,418,5,191,31,37.9%,1.359,2.18,3.539,1.118,1.734,2.852,2.219,3.844,6.064,0.451,0.723,1.174,3117,13.6%,576,382,4735,5968,44.24%
8,Patrick Kane,1988,F,1029,404,684,1088,392,62,20:12,16:36,3:31,0:03,293,111,0,65,9,445,238,1,113,21,738,349,1,178,30,32.1%,1.166,1.974,3.14,1.028,1.562,2.59,1.835,3.934,5.769,0.393,0.665,1.057,3397,11.9%,278,217,318,505,38.64%
9,Jeff Carter,1985,F,1094,399,363,762,555,40,18:00,13:49,2:42,1:29,267,114,18,84,14,253,105,5,66,10,520,219,23,150,24,28.7%,1.215,1.105,2.32,1.06,1.004,2.064,2.311,2.129,4.44,0.365,0.332,0.697,3538,11.3%,904,526,7575,7472,50.34%
10,Joe Pavelski,1984,F,1086,394,449,843,416,136,18:46,14:28,3:06,1:10,244,140,10,67,4,272,170,7,85,15,516,310,17,152,19,36.8%,1.16,1.322,2.481,0.931,1.038,1.969,2.486,3.019,5.506,0.363,0.413,0.776,3112,12.7%,1108,936,7075,5849,54.74%
11,Zach Parise,1984,F,1060,393,417,810,384,78,18:16,14:31,3:02,0:41,266,120,7,76,8,283,125,9,93,10,549,245,16,169,18,30.2%,1.217,1.292,2.509,1.036,1.102,2.139,2.23,2.323,4.552,0.371,0.393,0.764,3406,11.5%,827,603,360,468,43.48%
12,Phil Kessel,1987,F,1122,391,513,904,332,-124,18:07,14:51,3:13,0:03,275,115,1,70,11,318,195,0,84,14,593,310,1,154,25,34.3%,1.153,1.513,2.666,0.99,1.145,2.135,1.909,3.236,5.145,0.348,0.457,0.806,3525,11.1%,186,266,453,630,41.83%
13,Corey Perry,1985,F,1094,386,432,818,1219,70,17:41,14:16,3:02,0:22,275,105,6,65,6,276,152,4,74,3,551,257,10,139,9,31.4%,1.196,1.339,2.536,1.057,1.061,2.117,1.893,2.74,4.633,0.353,0.395,0.748,3009,12.8%,1088,405,91,216,29.64%
14,Patrice Bergeron,1985,F,1143,375,542,917,440,228,18:48,13:43,3:05,1:58,241,114,20,70,9,349,170,23,92,13,590,284,43,162,22,31.0%,1.047,1.513,2.56,0.921,1.334,2.256,1.935,2.885,4.82,0.328,0.474,0.802,3432,10.9%,828,748,13148,9754,57.41%
15,John Tavares,1990,F,869,364,455,819,379,-17,19:47,16:09,3:18,0:18,255,106,3,56,15,293,159,3,57,13,548,265,6,113,28,32.4%,1.27,1.588,2.858,1.089,1.251,2.341,2.207,3.311,5.518,0.419,0.524,0.942,2749,13.2%,459,347,8199,7542,52.09%
16,Jason Spezza,1983,F,1176,351,619,970,578,8,16:48,13:10,3:17,0:20,234,114,3,54,3,375,242,2,93,5,609,356,5,147,8,36.7%,1.066,1.879,2.945,0.906,1.452,2.357,1.768,3.752,5.52,0.298,0.526,0.825,2768,12.7%,264,314,9327,8196,53.23%
17,Anze Kopitar,1987,F,1129,346,654,1000,304,69,21:02,15:50,3:20,1:51,235,98,13,57,9,385,260,9,108,20,620,358,22,165,29,35.8%,0.874,1.652,2.525,0.788,1.291,2.08,1.559,4.137,5.696,0.306,0.579,0.886,2718,12.7%,1055,740,10998,9934,52.54%
18,Brad Marchand,1988,F,804,319,396,715,802,247,17:44,14:07,2:01,1:35,232,56,31,61,16,280,96,20,57,3,512,152,51,118,19,21.3%,1.341,1.665,3.006,1.226,1.48,2.706,2.07,3.548,5.618,0.397,0.493,0.889,1985,16.1%,684,270,203,319,38.89%
19,Dustin Brown,1984,F,1232,316,368,684,718,-33,17:59,14:01,2:39,1:18,205,105,6,42,9,269,92,7,56,5,474,197,13,98,14,28.8%,0.855,0.996,1.852,0.712,0.934,1.646,1.924,1.686,3.61,0.256,0.299,0.555,3214,9.8%,3544,356,218,284,43.43%
20,Jamie Benn,1989,F,866,311,412,723,646,60,18:26,14:41,2:50,0:55,214,85,12,49,9,294,107,11,75,12,508,192,23,124,21,26.6%,1.168,1.547,2.715,1.009,1.387,2.396,2.074,2.611,4.684,0.359,0.476,0.835,2369,13.1%,1523,593,3112,3082,50.24%
21,Max Pacioretty,1988,F,811,304,301,605,433,61,17:37,14:22,2:36,0:38,224,73,7,61,16,220,78,3,49,8,444,151,10,110,24,25.0%,1.276,1.264,2.54,1.153,1.133,2.286,2.072,2.214,4.286,0.375,0.371,0.746,2719,11.2%,1042,366,145,171,45.89%
22,James Neal,1987,F,849,294,261,555,579,8,17:22,14:20,2:51,0:10,207,86,1,46,8,178,82,1,44,7,385,168,2,90,15,30.3%,1.196,1.062,2.258,1.02,0.877,1.897,2.129,2.03,4.158,0.346,0.307,0.654,2482,11.9%,1220,290,84,170,33.07%
23,Tyler Seguin,1992,F,744,281,356,637,223,82,18:27,15:11,2:54,0:21,202,78,1,52,8,235,120,1,62,10,437,198,2,114,18,31.1%,1.228,1.556,2.784,1.072,1.248,2.32,2.165,3.33,5.495,0.378,0.478,0.856,2609,10.8%,568,270,3669,3261,52.94%
24,Blake Wheeler,1986,F,980,279,526,805,657,81,18:29,14:49,2:38,1:01,217,48,14,40,4,345,171,10,74,12,562,219,24,114,16,27.2%,0.924,1.742,2.666,0.896,1.425,2.322,1.113,3.963,5.076,0.285,0.537,0.821,2579,10.8%,1205,618,701,856,45.02%
25,Ryan Getzlaf,1985,F,1101,279,703,982,931,116,19:31,15:08,3:16,1:05,187,84,8,56,11,451,246,6,135,24,638,330,14,191,35,33.6%,0.779,1.963,2.742,0.673,1.623,2.295,1.394,4.084,5.478,0.253,0.639,0.892,2455,11.4%,1891,950,8126,8440,49.05%
26,Logan Couture,1989,F,768,273,304,577,214,41,18:09,14:01,2:51,1:15,189,73,11,48,5,196,101,7,57,13,385,174,18,105,18,30.2%,1.175,1.309,2.484,1.052,1.091,2.144,1.991,2.755,4.746,0.355,0.396,0.751,2146,12.7%,545,654,3863,4113,48.43%
27,Claude Giroux,1988,F,943,273,585,858,392,39,19:37,15:07,3:19,1:11,185,81,7,46,11,330,246,9,80,11,515,327,16,126,22,38.1%,0.885,1.896,2.781,0.778,1.388,2.167,1.554,4.719,6.273,0.29,0.62,0.91,2443,11.2%,847,386,8974,7209,55.45%
28,Jeff Skinner,1992,F,773,265,214,479,336,-129,17:01,14:27,2:31,0:02,211,54,0,36,5,150,64,0,32,4,361,118,0,68,9,24.6%,1.208,0.975,2.183,1.132,0.805,1.937,1.661,1.968,3.629,0.343,0.277,0.62,2471,10.7%,373,190,463,575,44.61%
29,Evander Kane,1991,F,769,264,242,506,988,-67,18:51,15:36,2:09,1:06,203,47,14,37,4,193,44,5,33,8,396,91,19,70,12,18.0%,1.092,1.001,2.094,1.015,0.965,1.981,1.703,1.595,3.298,0.343,0.315,0.658,2730,9.7%,1707,317,601,725,45.32%
30,James van Riemsdyk,1989,F,797,264,260,524,321,-37,16:30,13:40,2:30,0:18,185,76,3,38,1,196,62,2,32,2,381,138,5,70,3,26.3%,1.204,1.186,2.391,1.019,1.079,2.098,2.277,1.858,4.135,0.331,0.326,0.657,2199,12.0%,690,246,118,162,42.14%
31,Paul Stastny,1985,F,1000,263,492,755,470,36,18:58,14:47,2:53,1:17,189,72,2,50,5,326,160,6,71,14,515,232,8,121,19,30.7%,0.831,1.555,2.386,0.767,1.322,2.089,1.49,3.312,4.803,0.263,0.492,0.755,2104,12.5%,579,533,9491,8205,53.63%
32,Bobby Ryan,1987,F,866,261,308,569,470,-12,16:54,14:04,2:34,0:14,195,63,3,26,3,229,79,0,41,6,424,142,3,67,9,25.0%,1.07,1.262,2.332,0.96,1.127,2.087,1.693,2.123,3.815,0.301,0.356,0.657,2137,12.2%,1249,373,229,360,38.88%
33,T.J. Oshie,1986,F,856,260,350,610,420,123,18:32,14:20,2:51,1:20,172,79,9,41,4,239,103,8,61,7,411,182,17,102,11,29.8%,0.983,1.324,2.307,0.84,1.168,2.008,1.94,2.53,4.47,0.304,0.409,0.713,1766,14.7%,1271,594,939,1081,46.49%
34,Wayne Simmonds,1988,F,946,258,250,508,1168,-85,15:50,13:00,2:27,0:22,153,102,3,42,2,182,67,1,35,2,335,169,4,77,4,33.3%,1.033,1.001,2.034,0.746,0.888,1.634,2.624,1.723,4.347,0.273,0.264,0.537,2040,12.7%,1723,448,97,132,42.36%
35,Nicklas BŠckstršm,1987,F,1011,258,722,980,476,119,19:36,15:15,3:29,0:51,177,79,2,38,8,405,317,0,118,16,582,396,2,156,24,40.4%,0.781,2.185,2.965,0.688,1.574,2.263,1.345,5.396,6.741,0.255,0.714,0.969,2125,12.1%,729,608,8308,8222,50.26%
36,Patric Hšrnqvist,1987,F,814,252,260,512,434,83,16:07,13:08,2:57,0:01,160,92,0,43,1,191,69,0,40,0,351,161,0,83,1,31.4%,1.152,1.188,2.34,0.898,1.071,1.969,2.287,1.715,4.002,0.31,0.319,0.629,2616,9.6%,1291,457,74,108,40.66%
37,Matt Duchene,1991,F,827,251,351,602,196,-102,18:13,15:11,2:39,0:22,190,59,2,33,6,266,84,1,59,15,456,143,3,92,21,23.8%,0.999,1.398,2.397,0.907,1.27,2.177,1.612,2.295,3.907,0.304,0.424,0.728,2001,12.5%,536,481,6020,5281,53.27%
38,Loui Eriksson,1985,F,977,250,344,594,194,34,17:32,13:50,2:16,1:25,180,60,10,34,9,261,74,9,53,7,441,134,19,87,16,22.6%,0.875,1.204,2.079,0.798,1.158,1.956,1.615,1.991,3.606,0.256,0.352,0.608,1932,12.9%,259,395,56,99,36.13%
39,David Backes,1984,F,965,248,313,561,1148,64,17:19,13:43,2:16,1:20,179,65,4,32,2,240,67,6,49,4,419,132,10,81,6,23.5%,0.89,1.123,2.013,0.811,1.087,1.899,1.779,1.833,3.612,0.257,0.324,0.581,2178,11.4%,2710,617,4726,4740,49.93%
40,David Perron,1988,F,906,242,366,608,670,13,16:54,14:00,2:35,0:18,178,60,4,36,9,247,116,3,56,5,425,176,7,92,14,28.9%,0.948,1.433,2.381,0.841,1.167,2.008,1.532,2.962,4.494,0.267,0.404,0.671,1890,12.8%,1105,231,188,297,38.76%
41,Jordan Eberle,1990,F,779,241,310,551,186,-39,17:40,14:52,2:36,0:10,182,56,3,37,3,222,88,0,45,5,404,144,3,82,8,26.1%,1.051,1.351,2.402,0.943,1.15,2.092,1.649,2.591,4.24,0.309,0.398,0.707,1842,13.1%,424,315,82,114,41.84%
42,Jordan Staal,1988,F,1014,241,334,575,505,43,18:40,14:19,2:00,2:20,179,45,17,34,6,250,66,18,53,11,429,111,35,87,17,19.3%,0.763,1.058,1.821,0.739,1.033,1.772,1.322,1.938,3.26,0.238,0.329,0.567,2110,11.4%,1842,473,8732,7907,52.48%
43,Taylor Hall,1991,F,680,228,368,596,376,-48,18:59,15:53,2:57,0:08,161,66,1,38,11,262,105,1,58,7,423,171,2,96,18,28.7%,1.059,1.71,2.769,0.893,1.454,2.348,1.972,3.137,5.108,0.335,0.541,0.876,2238,10.2%,553,367,323,402,44.55%
44,Shea Weber,1985,D,1038,224,365,589,714,79,24:02,18:40,3:10,2:11,113,106,5,35,7,226,133,6,66,11,339,239,11,101,18,40.6%,0.538,0.877,1.416,0.35,0.699,1.049,1.925,2.416,4.341,0.216,0.352,0.567,2765,8.1%,2212,1691,0,0,0.00%
45,Ryan O'Reilly,1991,F,860,219,395,614,124,6,19:43,15:21,2:27,1:54,146,63,10,32,12,269,117,9,69,12,415,180,19,101,24,29.3%,0.774,1.397,2.171,0.663,1.222,1.885,1.792,3.328,5.119,0.255,0.459,0.714,1938,11.3%,370,479,8931,7102,55.70%
46,Vladimir Tarasenko,1991,F,531,218,224,442,145,68,17:36,14:42,2:41,0:12,160,58,0,35,10,159,65,0,30,1,319,123,0,65,11,27.8%,1.399,1.438,2.837,1.229,1.222,2.451,2.436,2.73,5.166,0.411,0.422,0.832,1725,12.6%,388,192,13,18,41.94%
47,Gabriel Landeskog,1992,F,687,218,294,512,523,50,19:21,15:31,2:58,0:50,152,61,5,38,6,215,74,5,45,5,367,135,10,83,11,26.4%,0.984,1.326,2.31,0.855,1.209,2.064,1.788,2.168,3.956,0.317,0.428,0.745,1879,11.6%,1370,500,1273,1132,52.93%
48,Brent Burns,1985,D,1169,217,506,723,721,-19,22:12,17:33,2:53,1:44,139,76,2,40,15,311,182,13,74,7,450,258,15,114,22,35.7%,0.502,1.17,1.671,0.406,0.909,1.316,1.346,3.224,4.57,0.186,0.433,0.618,3234,6.7%,1376,1406,80,96,45.45%
49,Jakub Vor‡cek,1989,F,968,216,522,738,481,-16,17:16,14:04,3:06,0:04,164,52,0,29,11,341,181,0,90,16,505,233,0,119,27,31.6%,0.775,1.873,2.648,0.722,1.502,2.224,1.035,3.602,4.636,0.223,0.539,0.762,2353,9.2%,443,281,92,146,38.66%
50,David Krejc’,1986,F,962,215,515,730,339,143,17:52,14:44,2:24,0:44,161,50,4,41,5,366,141,8,87,14,527,191,12,128,19,26.2%,0.75,1.797,2.547,0.682,1.549,2.231,1.294,3.65,4.944,0.223,0.535,0.759,1736,12.4%,688,535,6741,6495,50.93%
51,Milan Lucic,1988,F,1011,215,327,542,1170,82,15:31,13:37,1:52,0:01,169,46,0,36,1,260,67,0,51,3,429,113,0,87,4,20.8%,0.822,1.25,2.072,0.736,1.133,1.869,1.453,2.116,3.569,0.213,0.323,0.536,1623,13.3%,2882,305,253,306,45.26%
52,Cam Atkinson,1989,F,627,213,189,402,146,17,17:40,14:05,2:22,1:13,155,42,16,42,6,136,53,0,37,8,291,95,16,79,14,23.6%,1.153,1.023,2.176,1.052,0.923,1.976,1.698,2.142,3.84,0.34,0.301,0.641,1883,11.3%,336,289,87,158,35.51%
53,Nathan MacKinnon,1995,F,573,210,350,560,234,61,19:36,15:56,3:15,0:24,144,64,2,41,8,233,115,2,65,6,377,179,4,106,14,32.0%,1.122,1.869,2.991,0.946,1.53,2.476,2.056,3.694,5.749,0.366,0.611,0.977,2102,10.0%,383,268,3274,3847,45.98%
54,Zdeno Chara,1977,D,1608,207,459,666,2000,293,23:43,18:08,2:03,3:30,106,93,8,35,3,299,133,27,65,12,405,226,35,100,15,33.9%,0.326,0.722,1.048,0.218,0.615,0.833,1.684,2.409,4.093,0.129,0.285,0.414,3338,6.2%,2330,1662,13,23,36.11%
55,Sean Monahan,1994,F,591,204,235,439,129,-31,18:16,14:51,3:00,0:24,141,61,2,45,11,165,69,1,37,10,306,130,3,82,21,29.6%,1.133,1.305,2.438,0.964,1.128,2.092,2.055,2.325,4.38,0.345,0.398,0.743,1404,14.5%,338,208,5060,5023,50.18%
56,Nick Foligno,1987,F,956,203,283,486,769,1,16:20,13:45,1:59,0:35,155,48,0,31,3,210,69,4,41,5,365,117,4,72,8,24.1%,0.78,1.087,1.867,0.707,0.958,1.665,1.513,2.175,3.687,0.212,0.296,0.508,1759,11.5%,2052,544,1195,1345,47.05%
57,Travis Zajac,1985,F,1037,203,349,552,344,-20,18:39,14:22,2:23,1:52,138,53,12,24,4,244,95,10,69,12,382,148,22,93,16,26.8%,0.629,1.082,1.712,0.556,0.983,1.538,1.279,2.292,3.571,0.196,0.337,0.532,1811,11.2%,824,423,8977,7813,53.47%
58,Mark Scheifele,1993,F,574,201,304,505,237,77,19:47,16:20,2:53,0:32,146,53,2,31,9,231,67,6,46,7,377,120,8,77,16,23.8%,1.062,1.606,2.668,0.934,1.477,2.411,1.911,2.415,4.326,0.35,0.53,0.88,1254,16.0%,447,342,4346,5153,45.75%
59,David Pastrnak,1996,F,438,200,227,427,195,73,17:26,14:38,2:45,0:01,132,68,0,33,4,156,71,0,42,5,288,139,0,75,9,32.6%,1.571,1.784,3.355,1.235,1.459,2.694,3.387,3.536,6.923,0.457,0.518,0.975,1399,14.3%,338,149,22,54,28.95%
60,Mika Zibanejad,1993,F,604,200,234,434,173,-26,17:45,13:49,2:43,1:12,125,66,9,31,6,161,68,5,35,3,286,134,14,66,9,30.9%,1.119,1.31,2.429,0.899,1.157,2.056,2.411,2.485,4.896,0.331,0.387,0.719,1535,13.0%,850,371,4688,4817,49.32%
61,Auston Matthews,1997,F,333,199,152,351,56,59,19:13,16:27,2:42,0:03,152,47,0,35,7,107,45,0,28,9,259,92,0,63,16,26.2%,1.866,1.425,3.291,1.664,1.171,2.835,3.135,3.001,6.136,0.598,0.456,1.054,1227,16.2%,162,288,2332,2178,51.71%
62,Leon Draisaitl,1995,F,477,199,306,505,166,7,19:55,16:09,3:07,0:38,123,69,7,32,9,220,85,1,64,15,343,154,8,96,24,30.5%,1.256,1.931,3.187,0.957,1.712,2.67,2.78,3.425,6.204,0.417,0.642,1.059,1160,17.2%,261,143,3685,3470,51.50%
63,Adam Henrique,1990,F,710,198,201,399,215,-11,17:47,13:51,2:13,1:42,136,48,14,36,7,137,51,13,31,13,273,99,27,67,20,24.8%,0.94,0.955,1.895,0.829,0.835,1.665,1.822,1.936,3.759,0.279,0.283,0.562,1285,15.4%,650,494,4607,4746,49.26%
64,Kyle Okposo,1988,F,835,198,321,519,443,-114,17:27,14:17,2:44,0:25,141,56,1,30,7,211,106,4,41,4,352,162,5,71,11,31.2%,0.815,1.322,2.137,0.709,1.061,1.769,1.469,2.781,4.25,0.237,0.384,0.622,1937,10.2%,741,359,650,679,48.91%
65,Valtteri Filppula,1984,F,1056,197,333,530,346,-4,16:51,13:37,1:58,1:15,164,28,5,26,1,255,75,3,63,9,419,103,8,89,10,19.4%,0.664,1.123,1.787,0.684,1.064,1.748,0.803,2.15,2.952,0.187,0.315,0.502,1435,13.7%,426,401,5848,5657,50.83%
66,Connor McDavid,1997,F,406,195,378,573,138,66,21:33,17:33,3:22,0:37,152,40,3,44,9,239,134,5,56,13,391,174,8,100,22,30.4%,1.337,2.591,3.928,1.279,2.011,3.29,1.753,5.874,7.627,0.48,0.931,1.411,1279,15.3%,211,157,2034,2505,44.81%
67,Brayden Schenn,1991,F,714,195,271,466,392,-18,17:20,14:18,2:47,0:14,122,73,0,46,7,190,81,0,45,6,312,154,0,91,13,33.0%,0.945,1.313,2.258,0.716,1.116,1.832,2.193,2.434,4.627,0.273,0.38,0.653,1497,13.0%,1539,321,2746,3064,47.26%
68,Derick Brassard,1987,F,905,194,309,503,419,-35,16:04,13:26,2:31,0:06,135,59,0,28,4,217,92,0,50,6,352,151,0,78,10,30.0%,0.8,1.274,2.074,0.666,1.07,1.736,1.546,2.41,3.956,0.214,0.341,0.556,1781,10.9%,1307,200,4965,5254,48.59%
69,Nazem Kadri,1990,F,668,191,234,425,518,-27,16:51,14:15,2:31,0:04,135,55,1,25,4,170,64,0,25,3,305,119,1,50,7,28.0%,1.017,1.246,2.264,0.85,1.071,1.921,1.955,2.275,4.23,0.286,0.35,0.636,1704,11.2%,911,232,4276,4429,49.12%
70,Mike Hoffman,1989,F,545,189,206,395,187,-17,16:43,13:54,2:46,0:01,122,67,0,32,11,134,72,0,25,4,256,139,0,57,15,35.2%,1.244,1.356,2.601,0.965,1.06,2.025,2.66,2.858,5.518,0.347,0.378,0.725,1569,12.1%,266,186,83,83,50.00%
71,Brendan Gallagher,1992,F,582,187,170,357,328,68,15:58,13:32,2:22,0:03,148,38,1,22,0,142,28,0,22,0,290,66,1,44,0,18.5%,1.206,1.097,2.303,1.126,1.081,2.207,1.652,1.217,2.869,0.321,0.292,0.613,1854,10.1%,557,271,283,376,42.94%
72,Kyle Palmieri,1991,F,612,185,174,359,308,-3,15:49,13:06,2:20,0:23,122,61,2,32,5,114,60,0,32,7,236,121,2,64,12,33.7%,1.146,1.078,2.224,0.912,0.853,1.765,2.563,2.521,5.083,0.302,0.284,0.587,1484,12.5%,847,292,109,214,33.75%
73,Ryan Nugent-Hopkins,1993,F,655,185,293,478,223,-47,19:23,15:09,2:53,1:20,132,50,3,24,4,170,119,4,46,6,302,169,7,70,10,35.4%,0.874,1.384,2.258,0.798,1.027,1.825,1.581,3.762,5.343,0.282,0.447,0.73,1550,11.9%,487,354,3567,4479,44.33%
74,Anders Lee,1990,F,520,184,136,320,315,30,16:11,13:36,2:33,0:01,131,53,0,31,1,104,32,0,18,1,235,85,0,49,2,26.6%,1.311,0.969,2.281,1.111,0.882,1.993,2.386,1.441,3.827,0.354,0.262,0.615,1328,13.9%,899,250,249,282,46.89%
75,Brandon Saad,1992,F,632,184,187,371,120,52,16:51,14:01,1:47,1:02,157,21,6,38,3,161,23,3,28,6,318,44,9,66,9,11.9%,1.036,1.053,2.09,1.062,1.09,2.152,1.116,1.223,2.339,0.291,0.296,0.587,1546,11.9%,342,199,258,344,42.86%
76,Aleksander Barkov,1995,F,529,181,284,465,98,44,19:59,15:34,3:06,1:18,124,50,7,33,6,201,80,3,48,9,325,130,10,81,15,28.0%,1.027,1.611,2.638,0.903,1.463,2.366,1.82,2.912,4.732,0.342,0.537,0.879,1333,13.6%,243,331,5072,4794,51.41%
77,Artem Anisimov,1988,F,771,180,196,376,214,-17,15:57,12:58,1:47,1:11,133,39,8,31,6,165,27,4,36,5,298,66,12,67,11,17.6%,0.877,0.955,1.833,0.797,0.989,1.787,1.688,1.168,2.856,0.233,0.254,0.488,1380,13.0%,397,411,3498,4096,46.06%
78,Filip Forsberg,1994,F,497,178,207,385,216,18,17:53,14:19,2:46,0:47,124,48,6,33,7,141,65,1,35,2,265,113,7,68,9,29.4%,1.201,1.396,2.597,1.045,1.188,2.234,2.084,2.822,4.905,0.358,0.416,0.775,1475,12.1%,643,204,19,43,30.65%
79,Chris Kreider,1991,F,573,177,169,346,475,67,16:13,13:38,2:31,0:03,119,58,0,23,1,135,34,0,31,4,254,92,0,54,5,26.6%,1.142,1.09,2.232,0.914,1.037,1.95,2.404,1.409,3.813,0.309,0.295,0.604,1275,13.9%,1146,254,162,224,41.97%
80,Tomas Tatar,1990,F,625,176,201,377,224,23,15:36,13:20,2:14,0:01,129,47,0,28,2,156,45,0,25,5,285,92,0,53,7,24.4%,1.083,1.237,2.32,0.929,1.123,2.051,2.01,1.924,3.934,0.282,0.322,0.603,1351,13.0%,639,188,80,128,38.46%
81,Craig Smith,1989,F,715,175,187,362,282,88,14:52,12:47,2:04,0:00,129,46,0,26,3,151,36,0,28,0,280,82,0,54,3,22.7%,0.987,1.055,2.042,0.846,0.991,1.837,1.866,1.461,3.327,0.245,0.262,0.506,1826,9.6%,654,197,484,699,40.91%
82,Sean Couturier,1992,F,692,174,269,443,263,88,18:52,14:31,2:01,2:19,144,25,5,28,4,210,52,7,55,9,354,77,12,83,13,17.4%,0.8,1.236,2.036,0.859,1.253,2.113,1.072,2.23,3.301,0.251,0.389,0.64,1498,11.6%,529,352,5287,4907,51.86%
83,Tyler Toffoli,1992,F,577,173,171,344,174,82,16:05,13:15,1:58,0:51,126,39,8,32,5,141,27,3,43,11,267,66,11,75,16,19.2%,1.118,1.105,2.223,0.989,1.106,2.095,2.056,1.423,3.479,0.3,0.296,0.596,1559,11.1%,508,111,66,105,38.60%
84,Sam Gagner,1989,F,886,171,303,474,395,-129,16:09,13:28,2:24,0:15,117,53,1,15,3,217,83,3,29,5,334,136,4,44,8,28.7%,0.717,1.27,1.987,0.588,1.09,1.678,1.488,2.33,3.818,0.193,0.342,0.535,1850,9.2%,393,277,3275,3917,45.54%
85,Mark Stone,1992,F,504,170,276,446,175,100,18:56,15:06,2:42,1:07,129,36,5,30,5,200,72,4,39,11,329,108,9,69,16,24.2%,1.069,1.735,2.804,1.017,1.577,2.594,1.582,3.163,4.745,0.337,0.548,0.885,1078,15.8%,379,361,116,147,44.11%
86,Johnny Gaudreau,1993,F,517,170,318,488,106,22,19:00,15:43,3:15,0:01,130,40,0,32,9,213,105,0,55,14,343,145,0,87,23,29.7%,1.038,1.942,2.98,0.96,1.572,2.532,1.427,3.746,5.174,0.329,0.615,0.944,1351,12.6%,86,101,8,18,30.77%
87,Andrew Cogliano,1987,F,1066,170,240,410,369,32,14:32,12:29,0:33,1:30,141,9,20,30,3,213,19,8,30,2,354,28,28,60,5,6.8%,0.658,0.929,1.587,0.636,0.96,1.596,0.908,1.916,2.824,0.159,0.225,0.385,1713,9.9%,1125,449,1401,2071,40.35%
88,Jonathan Huberdeau,1993,F,591,168,330,498,287,6,17:54,14:47,2:58,0:08,128,39,1,19,3,217,113,0,59,11,345,152,1,78,14,30.5%,0.953,1.872,2.824,0.879,1.49,2.369,1.328,3.849,5.178,0.284,0.558,0.843,1353,12.4%,445,233,103,139,42.56%
89,Brock Nelson,1991,F,604,168,160,328,219,4,16:17,13:22,2:04,0:50,133,34,1,26,6,128,31,1,28,8,261,65,2,54,14,19.8%,1.024,0.976,2,0.988,0.951,1.939,1.627,1.483,3.11,0.278,0.265,0.543,1275,13.2%,468,365,3024,3351,47.44%
90,Derek Stepan,1990,F,759,168,317,485,194,90,18:19,14:21,2:32,1:25,122,33,13,32,4,215,93,9,56,9,337,126,22,88,13,26.0%,0.725,1.368,2.092,0.672,1.184,1.856,1.024,2.887,3.911,0.221,0.418,0.639,1804,9.3%,572,430,5658,6657,45.94%
91,Kyle Turris,1989,F,753,167,254,421,339,-2,16:47,13:48,2:23,0:35,125,39,3,32,6,172,80,2,47,7,297,119,5,79,13,28.3%,0.792,1.205,1.997,0.721,0.993,1.714,1.296,2.659,3.955,0.222,0.337,0.559,1553,10.8%,354,314,5039,5070,49.85%
92,Tyler Bozak,1986,F,764,167,282,449,222,-84,17:47,14:13,2:37,0:56,108,51,8,22,1,211,69,2,49,4,319,120,10,71,5,26.7%,0.737,1.245,1.982,0.596,1.164,1.76,1.529,2.068,3.597,0.219,0.369,0.588,1268,13.2%,699,372,6989,6002,53.80%
93,Frans Nielsen,1984,F,925,167,306,473,166,-37,16:27,12:14,2:16,1:56,113,34,20,20,1,184,113,9,45,11,297,147,29,65,12,31.1%,0.658,1.205,1.863,0.599,0.975,1.573,0.968,3.217,4.185,0.181,0.331,0.511,1683,9.9%,534,696,5699,6044,48.53%
94,Artemi Panarin,1991,F,433,165,308,473,128,113,19:41,16:29,3:09,0:01,123,42,0,30,7,228,80,0,64,16,351,122,0,94,23,25.8%,1.161,2.168,3.329,1.033,1.915,2.948,1.839,3.503,5.342,0.381,0.711,1.092,1132,14.6%,136,89,4,22,15.38%
95,Joshua Bailey,1989,F,919,162,349,511,233,-44,16:36,13:45,2:07,0:43,124,32,6,21,6,248,98,3,45,6,372,130,9,66,12,25.4%,0.637,1.372,2.009,0.588,1.176,1.764,0.985,3.017,4.002,0.176,0.38,0.556,1432,11.3%,505,452,1592,2021,44.06%
96,Tyler Johnson,1990,F,589,161,200,361,186,84,16:40,13:21,2:13,1:06,123,30,8,30,5,141,58,1,40,5,264,88,9,70,10,24.4%,0.983,1.221,2.205,0.939,1.076,2.014,1.376,2.661,4.037,0.273,0.34,0.613,1231,13.1%,452,247,3218,3244,49.80%
97,Michael Frol’k,1988,F,858,159,225,384,317,19,15:28,13:13,1:06,1:08,132,14,13,22,2,187,32,6,39,6,319,46,19,61,8,12.0%,0.718,1.017,1.735,0.698,0.988,1.686,0.889,2.032,2.921,0.185,0.262,0.448,1978,8.0%,617,412,252,346,42.14%
98,Reilly Smith,1991,F,630,158,221,379,168,109,16:53,13:32,2:05,1:15,115,36,7,21,2,165,49,7,32,5,280,85,14,53,7,22.4%,0.89,1.245,2.136,0.809,1.16,1.969,1.639,2.231,3.871,0.251,0.351,0.602,1291,12.2%,495,239,21,38,35.59%
99,Nino Niederreiter,1992,F,657,157,167,324,318,37,14:40,12:54,1:42,0:04,117,39,1,23,2,134,33,0,26,2,251,72,1,49,4,22.2%,0.977,1.039,2.016,0.828,0.949,1.777,2.088,1.767,3.855,0.239,0.254,0.493,1281,12.3%,996,185,74,100,42.53%
100,Jaden Schwartz,1992,F,560,154,231,385,153,74,17:41,14:39,2:14,0:48,114,36,4,21,5,185,44,2,43,4,299,80,6,64,9,20.8%,0.933,1.399,2.331,0.834,1.353,2.187,1.726,2.109,3.835,0.275,0.413,0.688,1242,12.4%,453,276,274,294,48.24%
101,Mikael Backlund,1989,F,741,154,240,394,363,24,16:51,13:41,1:35,1:35,111,28,15,30,7,183,48,9,36,7,294,76,24,66,14,19.3%,0.74,1.153,1.893,0.657,1.083,1.74,1.43,2.452,3.883,0.208,0.324,0.532,1710,9.0%,523,344,5085,5404,48.48%
102,Brandon Sutter,1989,F,770,152,137,289,149,-21,16:20,12:57,1:06,2:17,115,23,14,20,4,112,20,5,21,6,227,43,19,41,10,14.9%,0.725,0.653,1.378,0.692,0.674,1.365,1.626,1.414,3.041,0.197,0.178,0.375,1442,10.5%,613,492,5677,5735,49.75%
103,Tomas Hertl,1993,F,503,151,172,323,162,0,17:10,14:04,2:10,0:55,113,33,5,27,3,140,29,3,29,5,253,62,8,56,8,19.2%,1.049,1.195,2.244,0.958,1.187,2.145,1.809,1.59,3.399,0.3,0.342,0.642,1125,13.4%,516,347,2682,2393,52.85%
104,Ryan Johansen,1992,F,708,151,313,464,427,10,17:38,14:10,2:42,0:45,114,32,5,26,3,199,111,3,49,6,313,143,8,75,9,30.8%,0.725,1.503,2.228,0.681,1.189,1.871,1,3.467,4.467,0.213,0.442,0.655,1394,10.8%,764,276,5932,5253,53.04%
105,Patrik Laine,1998,F,351,150,121,271,139,-29,17:38,14:38,2:59,0:00,94,56,0,18,2,86,35,0,23,3,180,91,0,41,5,33.6%,1.453,1.172,2.625,1.098,1.004,2.102,3.194,1.996,5.19,0.427,0.345,0.772,998,15.0%,357,170,38,90,29.69%
106,Jason Zucker,1992,F,509,147,126,273,194,12,15:42,13:54,1:22,0:25,119,25,3,25,2,97,27,2,23,2,216,52,5,48,4,19.0%,1.103,0.945,2.048,1.009,0.822,1.831,2.131,2.301,4.432,0.289,0.248,0.536,1152,12.8%,544,229,25,71,26.04%
107,Jakob Silfverberg,1990,F,605,146,161,307,178,24,16:55,13:38,1:34,1:42,112,23,11,19,2,129,27,5,25,3,241,50,16,44,5,16.3%,0.856,0.944,1.8,0.815,0.938,1.753,1.455,1.708,3.163,0.241,0.266,0.507,1480,9.9%,382,345,88,181,32.71%
108,Alex Killorn,1989,F,641,146,197,343,370,77,16:53,13:21,2:15,1:16,114,29,3,27,4,156,37,4,42,5,270,66,7,69,9,19.2%,0.809,1.091,1.9,0.799,1.093,1.892,1.199,1.53,2.73,0.228,0.307,0.535,1275,11.5%,640,197,185,274,40.31%
109,Sebastian Aho,1997,F,366,145,175,320,134,54,18:40,15:03,2:43,0:53,101,32,12,27,5,112,60,3,32,4,213,92,15,59,9,28.8%,1.272,1.536,2.808,1.1,1.219,2.319,1.92,3.6,5.52,0.396,0.478,0.874,1011,14.3%,274,110,1454,1538,48.60%
110,Erik Karlsson,1990,D,788,143,482,625,372,-63,25:36,20:29,3:47,1:19,106,35,2,27,6,276,201,5,84,21,382,236,7,111,27,37.8%,0.425,1.433,1.859,0.394,1.026,1.42,0.703,4.04,4.744,0.181,0.612,0.793,2244,6.4%,660,1099,1,3,25.00%
111,Mark Giordano,1983,D,946,143,365,508,757,98,22:39,17:22,2:57,2:18,81,52,10,23,7,224,129,12,65,15,305,181,22,88,22,35.6%,0.4,1.022,1.422,0.296,0.818,1.113,1.113,2.762,3.875,0.151,0.386,0.537,2016,7.1%,1053,1785,0,0,0.00%
112,Alexander Radulov,1986,F,453,140,206,346,314,82,17:22,14:30,2:49,0:02,103,37,0,22,5,147,59,0,43,8,250,96,0,65,13,27.7%,1.067,1.57,2.637,0.94,1.341,2.281,1.734,2.765,4.5,0.309,0.455,0.764,1030,13.6%,310,294,23,32,41.82%
113,Alex Galchenyuk,1994,F,582,140,192,332,221,-66,15:02,12:46,2:14,0:01,98,42,0,21,7,127,65,0,35,5,225,107,0,56,12,32.2%,0.959,1.316,2.275,0.791,1.025,1.816,1.926,2.98,4.906,0.241,0.33,0.57,1176,11.9%,452,260,1085,1289,45.70%
114,Mats Zuccarello,1987,F,618,140,287,427,241,40,17:29,14:28,2:34,0:27,112,27,1,23,4,201,85,1,38,7,313,112,2,61,11,26.2%,0.777,1.592,2.369,0.752,1.349,2.1,1.02,3.211,4.23,0.227,0.464,0.691,1242,11.3%,644,406,89,155,36.48%
115,Lars Eller,1989,F,798,140,177,317,481,-23,15:05,12:37,0:51,1:37,120,13,7,25,3,148,22,7,31,1,268,35,14,56,4,11.0%,0.697,0.881,1.579,0.715,0.882,1.597,1.136,1.922,3.058,0.175,0.222,0.397,1395,10.0%,874,448,4208,4281,49.57%
116,Blake Comeau,1986,F,903,140,193,333,569,-94,15:20,13:00,0:45,1:35,118,12,10,23,3,162,25,6,26,2,280,37,16,49,5,11.1%,0.606,0.836,1.442,0.603,0.828,1.431,1.049,2.185,3.234,0.155,0.214,0.369,1520,9.2%,1877,325,767,987,43.73%
117,Brayden Point,1996,F,351,139,171,310,88,79,18:39,15:09,2:56,0:33,92,44,3,31,7,127,42,2,28,6,219,86,5,59,13,27.7%,1.274,1.567,2.841,1.038,1.433,2.47,2.554,2.438,4.992,0.396,0.487,0.883,802,17.3%,143,179,1884,1971,48.87%
118,Jack Eichel,1996,F,375,139,216,355,142,-69,20:19,16:28,3:25,0:25,97,41,1,25,8,128,86,2,40,8,225,127,3,65,16,35.8%,1.094,1.7,2.795,0.942,1.243,2.186,1.914,4.014,5.928,0.371,0.576,0.947,1324,10.5%,251,203,2465,3120,44.14%
119,Mathieu Perreault,1988,F,682,139,204,343,318,16,13:45,11:47,1:55,0:01,101,38,0,18,2,154,49,1,26,1,255,87,1,44,3,25.4%,0.889,1.305,2.194,0.753,1.149,1.902,1.734,2.236,3.969,0.204,0.299,0.503,1051,13.2%,822,226,1562,1533,50.47%
120,Rickard Rakell,1993,F,499,138,173,311,108,-16,16:50,14:31,2:07,0:11,110,28,0,26,6,123,47,3,30,6,233,75,3,56,12,24.1%,0.985,1.235,2.219,0.91,1.018,1.928,1.581,2.654,4.234,0.277,0.347,0.623,1230,11.2%,649,201,811,969,45.56%
121,Elias Lindholm,1994,F,578,138,227,365,140,-38,18:07,14:10,2:41,1:15,95,41,2,28,3,140,78,9,43,10,235,119,11,71,13,32.6%,0.791,1.301,2.091,0.696,1.026,1.722,1.58,3.005,4.585,0.239,0.393,0.631,1195,11.6%,694,289,2597,2381,52.17%
122,Bo Horvat,1995,F,498,137,174,311,139,-71,18:08,14:34,2:26,1:08,89,42,6,17,4,136,37,1,21,3,225,79,7,38,7,25.4%,0.91,1.155,2.065,0.736,1.124,1.86,2.079,1.832,3.911,0.275,0.349,0.624,1090,12.6%,420,336,5200,4599,53.07%
123,Nikolaj Ehlers,1996,F,416,136,167,303,145,49,16:29,14:32,1:55,0:01,108,27,1,25,2,133,34,0,26,3,241,61,1,51,5,20.1%,1.19,1.461,2.651,1.072,1.32,2.392,2.017,2.539,4.556,0.327,0.401,0.728,1111,12.2%,200,136,7,13,35.00%
124,Tyler Ennis,1989,F,643,136,186,322,208,-78,15:23,13:11,2:08,0:03,103,32,1,12,0,125,61,0,25,2,228,93,1,37,2,28.9%,0.824,1.127,1.952,0.729,0.884,1.613,1.389,2.648,4.037,0.212,0.289,0.501,1357,10.0%,588,273,649,947,40.66%
125,J.T. Miller,1993,F,553,135,213,348,274,25,16:07,13:32,2:06,0:28,98,34,3,30,7,146,64,3,33,4,244,98,6,63,11,28.2%,0.908,1.432,2.34,0.785,1.169,1.954,1.747,3.288,5.034,0.244,0.385,0.629,962,14.0%,905,271,1780,1624,52.29%
126,Marcus Johansson,1990,F,684,135,243,378,108,-27,16:30,13:42,2:25,0:23,102,32,1,25,4,166,76,1,38,10,268,108,2,63,14,28.6%,0.717,1.291,2.008,0.653,1.063,1.716,1.157,2.747,3.904,0.197,0.355,0.553,1028,13.1%,397,214,1142,1620,41.35%
127,Sam Reinhart,1995,F,454,134,161,295,90,-97,18:06,14:58,3:05,0:02,88,46,0,19,0,116,45,0,22,2,204,91,0,41,2,30.8%,0.978,1.175,2.154,0.777,1.024,1.8,1.97,1.927,3.898,0.295,0.355,0.65,988,13.6%,187,214,396,625,38.79%
128,Kristopher Letang,1987,D,863,134,448,582,612,80,24:01,18:31,3:33,1:55,86,44,4,26,6,258,181,9,75,20,344,225,13,101,26,38.7%,0.388,1.297,1.685,0.323,0.968,1.291,0.859,3.533,4.392,0.155,0.519,0.674,2243,6.0%,1407,1289,1,4,20.00%
129,Nick Bonino,1988,F,681,132,176,308,197,72,15:37,12:12,1:36,1:48,105,25,2,15,1,148,27,1,34,3,253,52,3,49,4,16.9%,0.744,0.993,1.737,0.758,1.068,1.826,1.368,1.477,2.845,0.194,0.258,0.452,1055,12.5%,262,706,4629,4655,49.86%
130,Jonathan Marchessault,1990,F,404,130,165,295,214,32,16:49,14:14,2:33,0:01,98,32,0,26,7,122,43,0,28,5,220,75,0,54,12,25.4%,1.148,1.457,2.605,1.021,1.272,2.293,1.859,2.498,4.357,0.322,0.408,0.73,1234,10.5%,511,100,616,814,43.08%
131,Kyle Connor,1996,F,304,129,120,249,84,-8,18:33,15:04,3:01,0:27,90,37,2,24,4,94,25,1,22,5,184,62,3,46,9,24.9%,1.372,1.277,2.649,1.178,1.23,2.408,2.419,1.634,4.054,0.424,0.395,0.819,845,15.3%,64,90,19,25,43.18%
132,Mikko Rantanen,1996,F,333,129,187,316,160,9,19:03,15:31,3:29,0:01,80,49,0,21,2,120,67,0,36,5,200,116,0,57,7,36.7%,1.22,1.768,2.988,0.928,1.392,2.321,2.525,3.453,5.978,0.387,0.562,0.949,797,16.2%,174,168,195,181,51.86%
133,Vincent Trocheck,1993,F,474,129,198,327,294,-29,18:41,14:54,2:32,1:14,90,32,7,16,2,136,60,2,23,3,226,92,9,39,5,28.1%,0.874,1.341,2.214,0.764,1.155,1.919,1.595,2.991,4.587,0.272,0.418,0.69,1240,10.4%,886,284,3996,3740,51.65%
134,Evgeny Kuznetsov,1992,F,520,129,289,418,264,68,16:59,14:22,2:32,0:03,93,34,2,24,7,203,86,0,52,9,296,120,2,76,16,28.7%,0.876,1.963,2.84,0.746,1.629,2.375,1.541,3.899,5.44,0.248,0.556,0.804,1099,11.7%,332,144,2706,3513,43.51%
135,Oliver Ekman-Larsson,1991,D,769,128,260,388,482,-109,23:25,18:19,3:18,1:47,69,55,4,31,7,152,106,2,35,4,221,161,6,66,11,41.5%,0.426,0.866,1.292,0.294,0.647,0.941,1.297,2.5,3.798,0.166,0.338,0.505,1730,7.4%,1344,694,0,2,0.00%
136,Viktor Arvidsson,1993,F,385,127,112,239,172,45,16:33,13:43,2:03,0:47,100,17,10,25,2,93,16,3,24,5,193,33,13,49,7,13.8%,1.195,1.054,2.249,1.136,1.057,2.193,1.289,1.213,2.502,0.33,0.291,0.621,1114,11.4%,143,217,37,75,33.04%
137,Kevin Hayes,1992,F,505,127,174,301,156,20,16:11,13:22,1:31,1:17,96,21,10,21,4,135,32,7,24,1,231,53,17,45,5,17.6%,0.932,1.277,2.21,0.853,1.2,2.053,1.643,2.504,4.147,0.251,0.345,0.596,1017,12.5%,402,173,2520,2907,46.43%
138,Ondrej Palat,1991,F,551,125,249,374,177,132,17:10,13:46,2:11,1:11,89,29,7,25,2,185,60,4,37,3,274,89,11,62,5,23.8%,0.793,1.579,2.372,0.703,1.462,2.165,1.44,2.98,4.42,0.227,0.452,0.679,1047,11.9%,959,405,42,153,21.54%
139,Drew Doughty,1989,D,975,125,411,536,661,29,26:15,20:18,3:29,2:27,58,65,2,27,7,232,172,7,76,16,290,237,9,103,23,44.2%,0.293,0.963,1.256,0.176,0.703,0.879,1.145,3.029,4.173,0.128,0.422,0.55,2064,6.1%,1714,1274,1,2,33.33%
140,Mikael Granlund,1992,F,591,124,255,379,164,21,18:04,14:40,2:24,0:59,87,29,8,23,4,176,76,3,48,3,263,105,11,71,7,27.7%,0.696,1.432,2.129,0.602,1.218,1.82,1.22,3.196,4.416,0.21,0.431,0.641,1162,10.7%,417,388,2046,2083,49.55%
141,Cal Clutterbuck,1987,F,874,124,123,247,626,-26,13:50,11:26,0:43,1:39,96,12,16,23,2,109,7,7,22,2,205,19,23,45,4,7.7%,0.615,0.61,1.226,0.576,0.654,1.23,1.129,0.659,1.787,0.142,0.141,0.283,1483,8.4%,3333,407,58,98,37.18%
142,Jake Guentzel,1994,F,299,121,136,257,120,29,18:26,15:58,2:13,0:14,94,26,1,16,3,107,28,1,22,2,201,54,2,38,5,21.0%,1.317,1.48,2.797,1.181,1.345,2.526,2.342,2.522,4.863,0.405,0.455,0.86,747,16.2%,397,162,108,127,45.96%
143,Boone Jenner,1993,F,530,121,119,240,309,-16,16:35,14:06,1:30,0:58,95,21,5,20,0,101,17,1,17,1,196,38,6,37,1,15.8%,0.825,0.812,1.637,0.762,0.81,1.573,1.574,1.274,2.848,0.228,0.225,0.453,1261,9.6%,1291,499,2250,1915,54.02%
144,Alex DeBrincat,1997,F,286,119,110,229,48,-1,17:20,14:06,3:03,0:09,80,38,1,15,5,78,32,0,16,2,158,70,1,31,7,30.6%,1.44,1.331,2.771,1.189,1.159,2.349,2.601,2.19,4.792,0.416,0.385,0.801,763,15.6%,203,92,64,90,41.56%
145,Tanner Pearson,1992,F,505,118,114,232,158,10,15:10,12:45,1:34,0:50,98,17,3,23,6,92,20,2,22,4,190,37,5,45,10,15.9%,0.924,0.893,1.816,0.912,0.857,1.769,1.281,1.507,2.789,0.234,0.226,0.459,1019,11.6%,703,224,75,107,41.21%
146,Roman Josi,1990,D,680,117,329,446,254,55,24:46,19:42,2:54,2:09,81,35,1,22,6,205,116,8,53,9,286,151,9,75,15,33.9%,0.417,1.172,1.588,0.363,0.918,1.281,1.06,3.514,4.575,0.172,0.484,0.656,1872,6.3%,474,1289,0,2,0.00%
147,Dylan Larkin,1996,F,433,116,173,289,280,-67,19:11,15:57,2:22,0:50,88,23,5,14,4,139,32,2,30,7,227,55,7,44,11,19.0%,0.838,1.249,2.087,0.764,1.206,1.97,1.34,1.865,3.205,0.268,0.4,0.667,1275,9.1%,378,189,2833,2692,51.28%
148,Andrew Shaw,1991,F,544,116,131,247,573,24,15:14,12:45,2:15,0:13,88,28,0,14,2,104,27,0,26,0,192,55,0,40,2,22.3%,0.839,0.948,1.787,0.76,0.899,1.659,1.365,1.316,2.681,0.213,0.241,0.454,1013,11.5%,1044,218,1711,1842,48.16%
149,Alex Pietrangelo,1990,D,799,116,357,473,257,97,24:37,19:14,2:44,2:38,82,34,0,27,4,228,120,9,66,16,310,154,9,93,20,32.6%,0.354,1.089,1.443,0.32,0.89,1.21,0.93,3.281,4.211,0.145,0.447,0.592,1927,6.0%,543,1455,0,2,0.00%
150,Charlie Coyle,1992,F,621,115,186,301,231,35,16:24,14:03,1:41,0:40,98,12,5,25,0,161,24,1,40,8,259,36,6,65,8,12.0%,0.677,1.095,1.772,0.674,1.107,1.781,0.685,1.37,2.055,0.185,0.3,0.485,1100,10.5%,820,399,2010,2311,46.52%
151,John Carlson,1990,D,809,115,407,522,270,87,23:23,18:04,2:47,2:31,84,30,1,25,2,241,162,4,75,18,325,192,5,100,20,36.8%,0.365,1.29,1.655,0.345,0.989,1.334,0.798,4.307,5.105,0.142,0.503,0.645,1858,6.2%,691,1573,1,4,20.00%
152,William Karlsson,1993,F,466,114,155,269,66,84,16:47,13:29,1:36,1:41,88,19,7,21,2,117,29,9,25,1,205,48,16,46,3,17.8%,0.874,1.188,2.062,0.839,1.116,1.955,1.517,2.315,3.832,0.245,0.333,0.577,835,13.7%,261,246,2945,3099,48.73%
153,Victor Hedman,1990,D,816,114,404,518,588,121,23:08,18:20,2:29,2:19,94,20,0,19,7,237,156,11,76,12,331,176,11,95,19,34.0%,0.362,1.283,1.645,0.377,0.95,1.327,0.592,4.618,5.21,0.14,0.495,0.635,1669,6.8%,879,1245,1,2,33.33%
154,Darren Helm,1987,F,744,112,139,251,238,-13,14:35,12:11,0:23,2:01,93,6,13,15,2,125,6,8,24,3,218,12,21,39,5,4.8%,0.619,0.768,1.387,0.615,0.827,1.443,1.259,1.259,2.519,0.151,0.187,0.337,1442,7.8%,1156,302,2257,2143,51.30%
155,Carl Sšderberg,1985,F,597,110,187,297,210,-24,16:03,13:00,1:49,1:14,77,29,4,13,0,142,42,3,31,4,219,71,7,44,4,23.9%,0.688,1.17,1.858,0.595,1.098,1.693,1.601,2.319,3.921,0.184,0.313,0.497,1123,9.8%,505,396,2618,2851,47.87%
156,P.K. Subban,1989,D,757,110,335,445,823,13,23:59,18:38,3:23,1:58,60,49,1,17,4,192,140,3,60,9,252,189,4,77,13,42.5%,0.363,1.107,1.47,0.255,0.816,1.072,1.147,3.277,4.424,0.145,0.443,0.588,1849,6.0%,975,1022,1,2,33.33%
157,Ryan Strome,1993,F,547,109,194,303,307,25,16:09,13:12,2:11,0:45,88,20,1,14,2,135,55,4,36,6,223,75,5,50,8,24.8%,0.74,1.317,2.058,0.731,1.122,1.853,1.003,2.757,3.76,0.199,0.355,0.554,1053,10.4%,443,172,1979,2378,45.42%
158,Carl Hagelin,1988,F,660,107,175,282,273,109,15:20,13:15,0:11,1:53,99,2,6,26,1,168,0,7,27,1,267,2,13,53,2,0.7%,0.634,1.037,1.67,0.678,1.151,1.83,0.928,0,0.928,0.162,0.265,0.427,1358,7.9%,648,271,66,116,36.26%
159,Brad Richardson,1985,F,825,107,139,246,408,-30,13:39,11:44,0:10,1:44,90,2,15,21,2,131,1,7,21,3,221,3,22,42,5,1.2%,0.57,0.741,1.311,0.557,0.811,1.369,0.849,0.425,1.274,0.13,0.168,0.298,1245,8.6%,815,395,3693,3444,51.74%
160,Matthew Tkachuk,1997,F,346,106,168,274,353,29,17:06,14:16,2:49,0:01,73,33,0,10,2,113,55,0,28,3,186,88,0,38,5,32.1%,1.074,1.702,2.777,0.887,1.373,2.261,2.028,3.38,5.408,0.306,0.486,0.792,866,12.2%,501,82,24,40,37.50%
161,Dougie Hamilton,1993,D,607,106,235,341,390,72,20:27,17:14,2:23,0:49,77,28,1,22,6,157,76,2,51,9,234,104,3,73,15,30.5%,0.512,1.136,1.648,0.441,0.9,1.342,1.157,3.139,4.296,0.175,0.387,0.562,1676,6.3%,731,637,1,3,25.00%
162,Cody Eakin,1991,F,632,106,138,244,256,-10,15:27,12:50,1:03,1:34,85,11,10,17,2,121,13,4,26,2,206,24,14,43,4,9.8%,0.651,0.847,1.498,0.629,0.895,1.524,0.992,1.172,2.164,0.168,0.218,0.386,942,11.3%,635,355,4198,4171,50.16%
163,Duncan Keith,1983,D,1192,105,520,625,653,144,24:55,19:29,2:30,2:55,70,30,5,18,3,351,154,15,95,22,421,184,20,113,25,29.4%,0.212,1.05,1.262,0.181,0.907,1.088,0.6,3.08,3.68,0.088,0.436,0.524,2447,4.3%,662,1896,0,1,0.00%
164,Evgeny Dadonov,1989,F,335,104,118,222,46,-17,16:50,13:58,2:51,0:00,78,26,0,15,1,95,23,0,18,0,173,49,0,33,1,22.1%,1.106,1.254,2.36,0.999,1.217,2.216,1.63,1.442,3.072,0.31,0.352,0.663,724,14.4%,188,139,3,14,17.65%
165,Mitchell Marner,1997,F,355,103,255,358,122,48,19:04,15:24,2:38,1:01,81,21,1,19,1,164,86,5,46,9,245,107,6,65,10,29.9%,0.913,2.26,3.173,0.889,1.799,2.688,1.345,5.509,6.854,0.29,0.718,1.008,913,11.3%,148,185,82,92,47.13%
166,William Nylander,1996,F,357,103,160,263,90,23,16:36,14:15,2:20,0:01,74,29,0,20,4,114,46,0,25,5,188,75,0,45,9,28.5%,1.042,1.619,2.661,0.872,1.343,2.215,2.084,3.306,5.39,0.289,0.448,0.737,890,11.6%,88,82,848,818,50.90%
167,Nick Bjugstad,1992,F,483,103,121,224,215,-35,14:58,12:59,1:47,0:10,85,17,1,17,0,90,30,1,15,1,175,47,2,32,1,21.0%,0.855,1.004,1.859,0.813,0.861,1.674,1.173,2.071,3.244,0.213,0.251,0.464,1151,9.0%,729,166,2301,2402,48.93%
168,Jean-Gabriel Pageau,1992,F,489,103,109,212,180,20,16:19,13:28,0:53,1:57,76,12,15,18,2,92,10,7,18,4,168,22,22,36,6,10.4%,0.774,0.819,1.593,0.692,0.838,1.53,1.641,1.367,3.008,0.211,0.223,0.434,906,11.4%,970,392,3590,3209,52.80%
169,Keith Yandle,1986,D,1032,102,498,600,602,-56,21:17,17:18,3:28,0:31,64,38,0,16,1,250,244,4,77,10,314,282,4,93,11,47.0%,0.279,1.36,1.638,0.215,0.84,1.055,0.636,4.087,4.723,0.099,0.483,0.581,2301,4.4%,433,1006,0,1,0.00%
170,Andre Burakovsky,1995,F,439,101,133,234,109,49,13:21,12:04,1:16,0:00,88,13,0,22,3,104,29,0,18,2,192,42,0,40,5,17.9%,1.033,1.361,2.394,0.996,1.177,2.173,1.396,3.114,4.509,0.23,0.303,0.533,691,14.6%,213,172,125,157,44.33%
171,Brett Connolly,1992,F,527,101,93,194,226,12,12:26,11:17,1:07,0:00,85,16,0,20,1,82,11,0,10,0,167,27,0,30,1,13.9%,0.925,0.851,1.776,0.857,0.827,1.683,1.616,1.111,2.728,0.192,0.176,0.368,724,14.0%,610,156,118,171,40.83%
172,Alex Chiasson,1990,F,563,101,101,202,329,-38,13:51,11:10,1:53,0:47,65,32,4,15,1,69,28,4,14,0,134,60,8,29,1,29.7%,0.777,0.777,1.554,0.62,0.658,1.278,1.808,1.582,3.39,0.179,0.179,0.359,797,12.7%,593,171,102,175,36.82%
173,Patrick Maroon,1988,F,568,101,146,247,646,15,13:52,12:04,1:46,0:00,85,16,0,18,0,112,34,0,19,1,197,50,0,37,1,20.2%,0.769,1.112,1.881,0.743,0.979,1.723,0.95,2.018,2.968,0.178,0.257,0.435,902,11.2%,1074,107,62,106,36.90%
174,Bryan Rust,1992,F,364,100,112,212,122,46,16:12,14:00,1:06,1:06,79,16,5,19,4,90,17,5,19,3,169,33,10,38,7,15.6%,1.017,1.139,2.155,0.93,1.059,1.989,2.385,2.534,4.92,0.275,0.308,0.582,781,12.8%,533,219,24,56,30.00%
175,Anthony Mantha,1994,F,316,99,103,202,196,-26,17:19,14:57,2:20,0:01,71,28,0,10,3,88,15,0,9,2,159,43,0,19,5,21.3%,1.085,1.129,2.213,0.901,1.117,2.018,2.277,1.22,3.497,0.313,0.326,0.639,814,12.2%,306,147,78,114,40.63%
176,Alexander Edler,1986,D,922,99,309,408,661,-40,22:54,17:48,2:46,2:20,52,46,1,9,4,177,131,1,50,13,229,177,2,59,17,43.4%,0.281,0.878,1.159,0.19,0.647,0.837,1.081,3.079,4.161,0.107,0.335,0.443,2015,4.9%,1431,1757,8,11,42.11%
177,Justin Faulk,1992,D,684,97,202,299,332,-92,23:04,18:55,2:27,1:41,52,42,3,22,2,130,68,4,32,7,182,110,7,54,9,36.8%,0.369,0.768,1.137,0.241,0.603,0.844,1.499,2.426,3.925,0.142,0.295,0.437,1668,5.8%,1146,871,0,1,0.00%
178,Teuvo TerŠvŠinen,1994,F,449,96,208,304,76,59,16:41,13:46,2:17,0:37,70,24,2,13,2,132,68,8,45,3,202,92,10,58,5,30.3%,0.769,1.665,2.434,0.679,1.281,1.96,1.395,3.952,5.347,0.214,0.463,0.677,958,10.0%,150,162,432,543,44.31%
179,Brock Boeser,1997,F,249,95,108,203,64,-8,18:33,15:03,3:28,0:01,64,30,1,12,1,72,36,0,20,9,136,66,1,32,10,32.5%,1.234,1.402,2.636,1.024,1.152,2.177,2.081,2.497,4.578,0.382,0.434,0.815,707,13.4%,106,79,66,111,37.29%
180,Matt Calvert,1989,F,566,95,108,203,376,-23,14:06,11:57,0:27,1:41,78,8,9,10,1,99,4,5,16,0,177,12,14,26,1,5.9%,0.714,0.811,1.525,0.691,0.877,1.568,1.841,0.921,2.762,0.168,0.191,0.359,870,10.9%,717,278,91,138,39.74%
181,Travis Konecny,1997,F,349,94,125,219,189,5,15:19,13:23,1:54,0:00,77,17,0,13,3,93,32,0,21,6,170,49,0,34,9,22.4%,1.054,1.402,2.457,0.988,1.194,2.182,1.526,2.872,4.398,0.269,0.358,0.628,733,12.8%,372,170,44,71,38.26%
182,Andreas Athanasiou,1994,F,350,94,85,179,144,-82,14:42,12:49,1:37,0:15,85,8,1,13,4,67,18,0,13,2,152,26,1,26,6,14.5%,1.096,0.991,2.087,1.137,0.896,2.033,0.842,1.894,2.736,0.269,0.243,0.511,773,12.2%,151,123,414,559,42.55%
183,Erik Haula,1991,F,456,94,102,196,196,23,14:08,11:52,0:56,1:18,70,19,5,16,1,84,15,3,21,3,154,34,8,37,4,17.3%,0.875,0.949,1.824,0.776,0.931,1.706,2.634,2.08,4.714,0.206,0.224,0.43,759,12.4%,336,238,2459,2307,51.59%
184,Paul Byron,1989,F,494,94,107,201,137,39,14:19,12:11,0:33,1:33,79,5,10,15,3,90,8,9,22,6,169,13,19,37,9,6.5%,0.797,0.907,1.704,0.787,0.897,1.684,1.073,1.717,2.791,0.19,0.217,0.407,555,16.9%,851,229,162,272,37.33%
185,Calle JŠrnkrok,1991,F,508,94,117,211,113,59,15:26,12:44,0:55,1:47,75,11,8,13,2,93,21,3,23,3,168,32,11,36,5,15.2%,0.719,0.895,1.614,0.696,0.863,1.558,1.416,2.703,4.119,0.185,0.23,0.415,805,11.7%,268,173,1678,1839,47.71%
186,Ryan Suter,1985,D,1198,93,514,607,667,104,25:02,19:32,3:11,2:17,57,32,4,18,2,299,205,10,90,14,356,237,14,108,16,39.0%,0.186,1.028,1.214,0.146,0.766,0.913,0.501,3.21,3.711,0.078,0.429,0.507,2051,4.5%,949,1620,2,3,40.00%
187,Kevin Fiala,1996,F,337,91,107,198,165,-6,15:16,13:02,2:08,0:04,70,21,0,16,2,72,35,0,23,0,142,56,0,39,2,28.3%,1.061,1.247,2.308,0.955,0.983,1.938,1.74,2.9,4.64,0.27,0.318,0.588,826,11.0%,174,95,10,27,27.03%
188,Vladislav Namestnikov,1992,F,478,91,115,206,251,2,15:07,12:35,1:44,0:47,68,17,6,12,2,91,18,6,21,4,159,35,12,33,6,17.0%,0.755,0.955,1.71,0.678,0.908,1.586,1.228,1.3,2.529,0.19,0.241,0.431,729,12.5%,563,266,930,1190,43.87%
189,Tom Wilson,1994,F,569,91,130,221,1123,31,13:54,11:57,0:33,1:23,73,13,5,13,1,118,10,2,20,1,191,23,7,33,2,10.4%,0.69,0.986,1.676,0.644,1.041,1.685,2.427,1.867,4.293,0.16,0.228,0.388,826,11.0%,1702,315,96,132,42.11%
190,Max Domi,1995,F,429,90,185,275,375,-14,16:41,14:06,2:29,0:05,78,12,0,8,3,139,45,1,27,8,217,57,1,35,11,20.7%,0.754,1.55,2.305,0.773,1.378,2.151,0.673,2.524,3.197,0.21,0.431,0.641,895,10.1%,211,136,1234,1424,46.43%
191,Anthony Duclair,1995,F,396,89,105,194,133,24,14:06,11:56,1:56,0:13,63,24,2,11,3,92,12,1,19,2,155,36,3,30,5,18.6%,0.956,1.128,2.084,0.8,1.168,1.968,1.871,0.935,2.806,0.225,0.265,0.49,716,12.4%,218,156,10,24,29.41%
192,Jared Spurgeon,1989,D,707,89,216,305,120,48,22:21,18:04,2:19,1:57,57,32,0,15,2,141,70,5,34,3,198,102,5,49,5,33.4%,0.338,0.82,1.158,0.268,0.662,0.93,1.171,2.561,3.732,0.126,0.306,0.431,1150,7.7%,615,1199,1,2,33.33%
193,Timo Meier,1996,F,317,88,100,188,180,-17,15:52,13:54,1:33,0:24,75,13,0,9,2,79,20,1,10,0,154,33,1,19,2,17.6%,1.05,1.193,2.243,1.02,1.075,2.095,1.587,2.442,4.029,0.278,0.315,0.593,899,9.8%,498,155,104,150,40.94%
194,Richard Panik,1991,F,517,88,106,194,274,10,13:25,11:53,1:10,0:21,75,12,1,11,1,92,14,0,19,1,167,26,1,30,2,13.4%,0.761,0.917,1.678,0.732,0.898,1.63,1.183,1.38,2.563,0.17,0.205,0.375,773,11.4%,829,271,35,55,38.89%
195,Tyson Barrie,1991,D,609,88,306,394,189,-60,21:45,18:19,3:09,0:16,62,25,1,20,4,178,127,1,47,11,240,152,2,67,15,38.6%,0.398,1.385,1.784,0.333,0.957,1.29,0.778,3.952,4.73,0.144,0.502,0.647,1377,6.4%,400,646,0,0,0.00%
196,Zach Hyman,1992,F,345,86,99,185,201,72,17:36,14:45,0:29,2:21,73,6,7,14,0,93,5,1,15,1,166,11,8,29,1,5.9%,0.849,0.978,1.827,0.86,1.095,1.955,2.105,1.754,3.86,0.249,0.287,0.536,706,12.2%,480,189,285,367,43.71%
197,Conor Sheary,1992,F,378,86,86,172,76,1,13:44,12:24,1:19,0:00,76,10,0,15,4,76,10,0,11,0,152,20,0,26,4,11.6%,0.993,0.993,1.986,0.972,0.972,1.944,1.204,1.204,2.408,0.228,0.228,0.455,684,12.6%,154,134,28,39,41.79%
198,Marcus Foligno,1991,F,604,86,123,209,540,11,13:53,12:24,0:28,0:59,77,4,5,10,0,110,10,3,12,0,187,14,8,22,0,6.7%,0.615,0.88,1.495,0.616,0.88,1.497,0.83,2.075,2.905,0.142,0.204,0.346,697,12.3%,1707,359,283,319,47.01%
199,Kevin Shattenkirk,1989,D,734,85,313,398,434,2,20:37,16:56,2:45,0:55,45,40,0,14,3,173,137,3,61,14,218,177,3,75,17,44.5%,0.337,1.24,1.577,0.217,0.835,1.052,1.185,4.06,5.246,0.116,0.426,0.542,1500,5.7%,713,946,1,3,25.00%
200,Tyler Myers,1990,D,755,85,219,304,566,-7,22:15,17:38,2:09,2:27,62,19,4,18,4,140,72,7,38,4,202,91,11,56,8,29.9%,0.303,0.782,1.085,0.279,0.63,0.91,0.701,2.657,3.358,0.113,0.29,0.403,1278,6.7%,896,1088,0,1,0.00%